DELETE FROM order_instruments;
DELETE FROM orders;
DELETE FROM customers;
DELETE FROM instruments;

-- Customers (20 lignes)
INSERT INTO customers (id, firstname, lastname, email, number, street, city, zip_code, country) VALUES
(1, 'Alice', 'Smith', 'alice@test.com', '10', 'Rue de Paris', 'Paris', '75001', 'France'),
(2, 'Bob', 'Johnson', 'bob@test.com', '12', 'Rue de Lyon', 'Lyon', '69001', 'France'),
(3, 'Charlie', 'Williams', 'charlie@test.com', '14', 'Rue de Marseille', 'Marseille', '13001', 'France'),
(4, 'David', 'Brown', 'david@test.com', '16', 'Rue de Bordeaux', 'Bordeaux', '33000', 'France'),
(5, 'Eve', 'Jones', 'eve@test.com', '18', 'Rue de Lille', 'Lille', '59000', 'France'),
(6, 'Frank', 'Garcia', 'frank@test.com', '20', 'Rue de Nantes', 'Nantes', '44000', 'France'),
(7, 'Grace', 'Miller', 'grace@test.com', '22', 'Rue de Strasbourg', 'Strasbourg', '67000', 'France'),
(8, 'Heidi', 'Davis', 'heidi@test.com', '24', 'Rue de Toulouse', 'Toulouse', '31000', 'France'),
(9, 'Ivan', 'Rodriguez', 'ivan@test.com', '26', 'Rue de Nice', 'Nice', '06000', 'France'),
(10, 'Judy', 'Martinez', 'judy@test.com', '28', 'Rue de Rennes', 'Rennes', '35000', 'France'),
(11, 'Karl', 'Hernandez', 'karl@test.com', '30', 'Rue de Reims', 'Reims', '51100', 'France'),
(12, 'Laura', 'Lopez', 'laura@test.com', '32', 'Rue de Toulon', 'Toulon', '83000', 'France'),
(13, 'Mike', 'Gonzalez', 'mike@test.com', '34', 'Rue de Saint-Etienne', 'Saint-Etienne', '42000', 'France'),
(14, 'Nina', 'Wilson', 'nina@test.com', '36', 'Rue de Montpellier', 'Montpellier', '34000', 'France'),
(15, 'Oscar', 'Anderson', 'oscar@test.com', '38', 'Rue de Havre', 'Le Havre', '76600', 'France'),
(16, 'Paul', 'Thomas', 'paul@test.com', '40', 'Rue de Dijon', 'Dijon', '21000', 'France'),
(17, 'Quinn', 'Taylor', 'quinn@test.com', '42', 'Rue de Angers', 'Angers', '49000', 'France'),
(18, 'Rita', 'Moore', 'rita@test.com', '44', 'Rue de Nimes', 'Nimes', '30000', 'France'),
(19, 'Steve', 'Jackson', 'steve@test.com', '46', 'Rue de Villeurbanne', 'Villeurbanne', '69100', 'France'),
(20, 'Tom', 'Martin', 'tom@test.com', '48', 'Rue de Clermont', 'Clermont', '63000', 'France');

-- Instruments (100 lignes) incluant 20 fabricants distincts
INSERT INTO instruments (id, name, reference, manufacturer, price, description, type) VALUES
(1, 'Stratocaster', 'FEN-STR-01', 'Fender', 1200.0, 'Classic Stratocaster', 'GUITAR'),
(2, 'Telecaster', 'FEN-TEL-01', 'Fender', 1100.0, 'Classic Telecaster', 'GUITAR'),
(3, 'Jazzmaster', 'FEN-JAZ-01', 'Fender', 1300.0, 'Vintage Jazzmaster', 'GUITAR'),
(4, 'Jaguar', 'FEN-JAG-01', 'Fender', 1250.0, 'Vintage Jaguar', 'GUITAR'),
(5, 'Mustang', 'FEN-MUS-01', 'Fender', 900.0, 'Short scale Mustang', 'GUITAR'),
(6, 'Les Paul Standard', 'GIB-LP-01', 'Gibson', 2500.0, 'Les Paul Standard', 'GUITAR'),
(7, 'SG Standard', 'GIB-SG-01', 'Gibson', 1500.0, 'SG Standard', 'GUITAR'),
(8, 'Flying V', 'GIB-FV-01', 'Gibson', 1600.0, 'Flying V', 'GUITAR'),
(9, 'Explorer', 'GIB-EXP-01', 'Gibson', 1700.0, 'Explorer', 'GUITAR'),
(10, 'Firebird', 'GIB-FIR-01', 'Gibson', 1800.0, 'Firebird', 'GUITAR'),
(11, 'Pacifica 112V', 'YAM-PAC-01', 'Yamaha', 300.0, 'Pacifica Electric', 'GUITAR'),
(12, 'FG800', 'YAM-FG-01', 'Yamaha', 200.0, 'Acoustic FG800', 'GUITAR'),
(13, 'C40', 'YAM-C40-01', 'Yamaha', 150.0, 'Classical C40', 'GUITAR'),
(14, 'Motif XF8', 'YAM-MOT-01', 'Yamaha', 3500.0, 'Motif Synthesizer', 'PIANO'),
(15, 'Montage 8', 'YAM-MON-01', 'Yamaha', 4000.0, 'Montage Synthesizer', 'PIANO'),
(16, 'Juno-DS', 'ROL-JUN-01', 'Roland', 800.0, 'Juno Synthesizer', 'PIANO'),
(17, 'Jupiter-X', 'ROL-JUP-01', 'Roland', 2500.0, 'Jupiter Synthesizer', 'PIANO'),
(18, 'Fantom 8', 'ROL-FAN-01', 'Roland', 3500.0, 'Fantom Workstation', 'PIANO'),
(19, 'RD-2000', 'ROL-RD-01', 'Roland', 2500.0, 'Stage Piano', 'PIANO'),
(20, 'FP-30X', 'ROL-FP-01', 'Roland', 700.0, 'Digital Piano', 'PIANO'),
(21, 'Kronos 2', 'KOR-KRO-01', 'Korg', 3000.0, 'Kronos Workstation', 'PIANO'),
(22, 'Minilogue', 'KOR-MIN-01', 'Korg', 500.0, 'Analog Synthesizer', 'PIANO'),
(23, 'Prologue 16', 'KOR-PRO-01', 'Korg', 1500.0, 'Polyphonic Analog Synthesizer', 'PIANO'),
(24, 'MS-20 Mini', 'KOR-MS-01', 'Korg', 600.0, 'Semi-Modular Synthesizer', 'PIANO'),
(25, 'SV-2', 'KOR-SV-01', 'Korg', 2000.0, 'Stage Vintage Piano', 'PIANO'),
(26, 'RG550', 'IBA-RG-01', 'Ibanez', 1000.0, 'RG Series Electric', 'GUITAR'),
(27, 'S540', 'IBA-S-01', 'Ibanez', 1200.0, 'S Series Electric', 'GUITAR'),
(28, 'AZ2204', 'IBA-AZ-01', 'Ibanez', 2000.0, 'AZ Series Electric', 'GUITAR'),
(29, 'JEM777', 'IBA-JEM-01', 'Ibanez', 3000.0, 'Steve Vai Signature', 'GUITAR'),
(30, 'Artcore AS73', 'IBA-ART-01', 'Ibanez', 500.0, 'Hollowbody Electric', 'GUITAR'),
(31, 'Custom 24', 'PRS-CU24-01', 'PRS', 3500.0, 'Core Custom 24', 'GUITAR'),
(32, 'McCarty 594', 'PRS-MC-01', 'PRS', 3800.0, 'McCarty 594', 'GUITAR'),
(33, 'Silver Sky', 'PRS-SS-01', 'PRS', 2500.0, 'John Mayer Signature', 'GUITAR'),
(34, 'CE 24', 'PRS-CE-01', 'PRS', 2000.0, 'Bolt-on CE 24', 'GUITAR'),
(35, 'SE Custom 24', 'PRS-SE-01', 'PRS', 800.0, 'SE Custom 24', 'GUITAR'),
(36, '814ce', 'TAY-814-01', 'Taylor', 3500.0, 'Acoustic Electric', 'GUITAR'),
(37, '214ce', 'TAY-214-01', 'Taylor', 1000.0, 'Acoustic Electric', 'GUITAR'),
(38, 'GS Mini', 'TAY-GSM-01', 'Taylor', 500.0, 'Travel Acoustic', 'GUITAR'),
(39, '114ce', 'TAY-114-01', 'Taylor', 800.0, 'Acoustic Electric', 'GUITAR'),
(40, '314ce', 'TAY-314-01', 'Taylor', 2000.0, 'Acoustic Electric', 'GUITAR'),
(41, 'D-28', 'MAR-D28-01', 'Martin', 3000.0, 'Dreadnought Acoustic', 'GUITAR'),
(42, 'HD-28', 'MAR-HD28-01', 'Martin', 3200.0, 'Herringbone Dreadnought', 'GUITAR'),
(43, '000-15M', 'MAR-000-01', 'Martin', 1500.0, 'Mahogany Acoustic', 'GUITAR'),
(44, 'D-18', 'MAR-D18-01', 'Martin', 2500.0, 'Dreadnought Acoustic', 'GUITAR'),
(45, 'LX1E', 'MAR-LX1-01', 'Martin', 500.0, 'Little Martin', 'GUITAR'),
(46, 'Les Paul Standard', 'EPI-LP-01', 'Epiphone', 600.0, 'Epiphone Les Paul', 'GUITAR'),
(47, 'SG Standard', 'EPI-SG-01', 'Epiphone', 450.0, 'Epiphone SG', 'GUITAR'),
(48, 'Casino', 'EPI-CAS-01', 'Epiphone', 650.0, 'Hollowbody Electric', 'GUITAR'),
(49, 'Dot', 'EPI-DOT-01', 'Epiphone', 500.0, 'Semi-hollow Electric', 'GUITAR'),
(50, 'Sheraton II', 'EPI-SHE-01', 'Epiphone', 700.0, 'Semi-hollow Electric', 'GUITAR'),
(51, 'Classic Vibe Strat', 'SQU-STR-01', 'Squier', 400.0, 'Classic Vibe Stratocaster', 'GUITAR'),
(52, 'Classic Vibe Tele', 'SQU-TEL-01', 'Squier', 400.0, 'Classic Vibe Telecaster', 'GUITAR'),
(53, 'J.Mascis Jazzmaster', 'SQU-JAZ-01', 'Squier', 500.0, 'Signature Jazzmaster', 'GUITAR'),
(54, 'Vintage Modified Jag', 'SQU-JAG-01', 'Squier', 450.0, 'Vintage Modified Jaguar', 'GUITAR'),
(55, 'Bullet Mustang', 'SQU-MUS-01', 'Squier', 200.0, 'Entry level Mustang', 'GUITAR'),
(56, 'Soloist SL2', 'JAC-SOL-01', 'Jackson', 1000.0, 'Soloist Electric', 'GUITAR'),
(57, 'Dinky JS32', 'JAC-DIN-01', 'Jackson', 300.0, 'Dinky Electric', 'GUITAR'),
(58, 'Kelly KEX', 'JAC-KEL-01', 'Jackson', 700.0, 'Kelly Electric', 'GUITAR'),
(59, 'King V KVX', 'JAC-KIN-01', 'Jackson', 750.0, 'King V Electric', 'GUITAR'),
(60, 'Rhoads RRX24', 'JAC-RHO-01', 'Jackson', 800.0, 'Rhoads Electric', 'GUITAR'),
(61, 'Eclipse EC-1000', 'ESP-ECL-01', 'ESP', 1000.0, 'LTD Eclipse', 'GUITAR'),
(62, 'Horizon NT-II', 'ESP-HOR-01', 'ESP', 2000.0, 'ESP Standard Horizon', 'GUITAR'),
(63, 'Viper-400', 'ESP-VIP-01', 'ESP', 700.0, 'LTD Viper', 'GUITAR'),
(64, 'Arrow-1000', 'ESP-ARR-01', 'ESP', 1100.0, 'LTD Arrow', 'GUITAR'),
(65, 'Mystique', 'ESP-MYS-01', 'ESP', 2500.0, 'ESP Mystique', 'GUITAR'),
(66, 'White Falcon', 'GRE-WHI-01', 'Gretsch', 3500.0, 'Hollowbody White Falcon', 'GUITAR'),
(67, 'Duo Jet', 'GRE-DUO-01', 'Gretsch', 2500.0, 'Solidbody Duo Jet', 'GUITAR'),
(68, 'Electromatic', 'GRE-ELE-01', 'Gretsch', 800.0, 'Electromatic Hollowbody', 'GUITAR'),
(69, 'Streamliner', 'GRE-STR-01', 'Gretsch', 500.0, 'Streamliner Hollowbody', 'GUITAR'),
(70, 'Brian Setzer', 'GRE-BRI-01', 'Gretsch', 3000.0, 'Signature Model', 'GUITAR'),
(71, '330', 'RIC-330-01', 'Rickenbacker', 2000.0, 'Semi-hollow 330', 'GUITAR'),
(72, '360', 'RIC-360-01', 'Rickenbacker', 2500.0, 'Semi-hollow 360', 'GUITAR'),
(73, '4003', 'RIC-4003-01', 'Rickenbacker', 2200.0, 'Bass 4003', 'GUITAR'),
(74, '620', 'RIC-620-01', 'Rickenbacker', 1800.0, 'Solidbody 620', 'GUITAR'),
(75, '325', 'RIC-325-01', 'Rickenbacker', 2800.0, 'Short scale 325', 'GUITAR'),
(76, 'Sub 37', 'MOO-SUB-01', 'Moog', 1500.0, 'Analog Synthesizer', 'PIANO'),
(77, 'Matriarch', 'MOO-MAT-01', 'Moog', 2000.0, 'Semi-modular Synthesizer', 'PIANO'),
(78, 'Grandmother', 'MOO-GRA-01', 'Moog', 1000.0, 'Semi-modular Synthesizer', 'PIANO'),
(79, 'One', 'MOO-ONE-01', 'Moog', 8000.0, 'Polyphonic Synthesizer', 'PIANO'),
(80, 'Minimoog', 'MOO-MIN-01', 'Moog', 3500.0, 'Classic Analog Synthesizer', 'PIANO'),
(81, 'Stage 3', 'NOR-STA-01', 'Nord', 4500.0, 'Stage Keyboard', 'PIANO'),
(82, 'Electro 6', 'NOR-ELE-01', 'Nord', 2500.0, 'Electro Keyboard', 'PIANO'),
(83, 'Lead 4', 'NOR-LEA-01', 'Nord', 2000.0, 'Virtual Analog Synthesizer', 'PIANO'),
(84, 'Piano 4', 'NOR-PIA-01', 'Nord', 3000.0, 'Stage Piano', 'PIANO'),
(85, 'Wave 2', 'NOR-WAV-01', 'Nord', 2800.0, 'Performance Synthesizer', 'PIANO'),
(86, 'Peak', 'NOV-PEA-01', 'Novation', 1400.0, 'Desktop Synthesizer', 'PIANO'),
(87, 'Summit', 'NOV-SUM-01', 'Novation', 2200.0, 'Keyboard Synthesizer', 'PIANO'),
(88, 'Bass Station II', 'NOV-BAS-01', 'Novation', 500.0, 'Analog Monosynth', 'PIANO'),
(89, 'MiniNova', 'NOV-MIN-01', 'Novation', 400.0, 'Virtual Analog Synthesizer', 'PIANO'),
(90, 'Circuit Tracks', 'NOV-CIR-01', 'Novation', 400.0, 'Groovebox', 'PIANO'),
(91, 'MPC Live II', 'AKA-LIV-01', 'Akai', 1200.0, 'Standalone Sampler', 'PIANO'),
(92, 'MPC X', 'AKA-MPX-01', 'Akai', 2200.0, 'Standalone Sampler Workstation', 'PIANO'),
(93, 'Force', 'AKA-FOR-01', 'Akai', 1000.0, 'Standalone Music Production', 'PIANO'),
(94, 'MPK Mini', 'AKA-MPK-01', 'Akai', 100.0, 'MIDI Keyboard', 'PIANO'),
(95, 'APC40', 'AKA-APC-01', 'Akai', 300.0, 'Ableton Controller', 'PIANO'),
(96, 'PolyBrute', 'ART-POL-01', 'Arturia', 2500.0, 'Analog Polysynth', 'PIANO'),
(97, 'MatrixBrute', 'ART-MAT-01', 'Arturia', 2000.0, 'Analog Monosynth', 'PIANO'),
(98, 'MicroFreak', 'ART-MIC-01', 'Arturia', 350.0, 'Experimental Synthesizer', 'PIANO'),
(99, 'MiniBrute 2', 'ART-MIN-01', 'Arturia', 500.0, 'Semi-modular Synthesizer', 'PIANO'),
(100, 'KeyStep Pro', 'ART-KEY-01', 'Arturia', 450.0, 'MIDI Controller / Sequencer', 'PIANO');

-- Orders (20 lignes)
INSERT INTO orders (id, reference, order_date, customer_id) VALUES
(1, 'a0000000-0000-0000-0000-000000000001', '2024-01-01 10:00:00+00', 1),
(2, 'a0000000-0000-0000-0000-000000000002', '2024-01-02 10:30:00+00', 2),
(3, 'a0000000-0000-0000-0000-000000000003', '2024-01-03 11:00:00+00', 3),
(4, 'a0000000-0000-0000-0000-000000000004', '2024-01-04 14:00:00+00', 4),
(5, 'a0000000-0000-0000-0000-000000000005', '2024-01-05 15:00:00+00', 5),
(6, 'a0000000-0000-0000-0000-000000000006', '2024-01-06 16:00:00+00', 6),
(7, 'a0000000-0000-0000-0000-000000000007', '2024-01-07 09:00:00+00', 7),
(8, 'a0000000-0000-0000-0000-000000000008', '2024-01-08 08:00:00+00', 8),
(9, 'a0000000-0000-0000-0000-000000000009', '2024-01-09 12:00:00+00', 9),
(10, 'a0000000-0000-0000-0000-000000000010', '2024-01-10 13:00:00+00', 10),
(11, 'a0000000-0000-0000-0000-000000000011', '2024-01-11 10:00:00+00', 11),
(12, 'a0000000-0000-0000-0000-000000000012', '2024-01-12 11:00:00+00', 12),
(13, 'a0000000-0000-0000-0000-000000000013', '2024-01-13 14:30:00+00', 13),
(14, 'a0000000-0000-0000-0000-000000000014', '2024-01-14 15:30:00+00', 14),
(15, 'a0000000-0000-0000-0000-000000000015', '2024-01-15 16:30:00+00', 15),
(16, 'a0000000-0000-0000-0000-000000000016', '2024-01-16 09:30:00+00', 16),
(17, 'a0000000-0000-0000-0000-000000000017', '2024-01-17 08:30:00+00', 17),
(18, 'a0000000-0000-0000-0000-000000000018', '2024-01-18 12:30:00+00', 18),
(19, 'a0000000-0000-0000-0000-000000000019', '2024-01-19 13:30:00+00', 19),
(20, 'a0000000-0000-0000-0000-000000000020', '2024-01-20 10:15:00+00', 20);

-- Jointures Order - Instruments
INSERT INTO order_instruments (order_id, instrument_id) VALUES
(1, 1), (1, 51),
(2, 2), (2, 52),
(3, 3), (3, 53),
(4, 4), (4, 54),
(5, 5), (5, 55),
(6, 6), (6, 56),
(7, 7), (7, 57),
(8, 8), (8, 58),
(9, 9), (9, 59),
(10, 10), (10, 60),
(11, 11), (11, 61),
(12, 12), (12, 62),
(13, 13), (13, 63),
(14, 14), (14, 64),
(15, 15), (15, 65),
(16, 16), (16, 66),
(17, 17), (17, 67),
(18, 18), (18, 68),
(19, 19), (19, 69),
(20, 20), (20, 70);

ALTER TABLE instruments ALTER COLUMN id RESTART WITH 1000;
ALTER TABLE customers ALTER COLUMN id RESTART WITH 1000;
ALTER TABLE orders ALTER COLUMN id RESTART WITH 1000;
